Workbook

Sheet How to use
A1: Marginwise RTO Finder: which states and pin codes are costing you
A3: What this does
A5: Ranks states and pin codes by RTO rate and by what RTO costs you, so you can switch off COD only where it loses money instead of everywhere.
A6: Steps (about 10 minutes)
A8: 1. Export the last 90 days of shipped orders from Shopify, WooCommerce or your shipping aggregator (Shiprocket, Shipway, etc.).
A9: 2. Paste them into the 'Orders' tab from row 2, matching the column order: Order ID, Order date, Pin code, State, Payment method, Final status, Order value.
A10: 3. Payment method must be COD or Prepaid. Final status must be Delivered or RTO. Leave orders still in transit or cancelled before dispatch out of the paste, or mark them anything else and they will be ignored.
A11: 4. State names must match the list on the 'By State' tab (for example 'Tamil Nadu', not 'TN').
A12: 5. For pin codes: copy the Pin code column, remove duplicates (Google Sheets: Data > Data cleanup > Remove duplicates; Excel: Data > Remove Duplicates), and paste the unique list into column A of 'By Pin Code'.
A13: 6. Check the yellow cells on the 'Settings' tab (shipping, ad cost per order, thresholds).
A14: Example row for the Orders tab
A16: #10234 | 2026-09-14 | 302001 | Rajasthan | COD | RTO | 1299
... A25: Marginwise | marginwise.in | Built for D2C and Shopify brands in India, the US and the UK. Scenarios to plan with, not a promise of results.

Sheet Settings
A1: Settings
A2: Edit the yellow cells only.
A4: Forward shipping per order (₹) | B4: 70
A5: Packaging per order (₹) | B5: 20
A6: Return shipping per RTO (₹) | B6: 70
A7: Ad cost per order placed (₹) | B7: 250 | C7: Ad spend / orders placed. Wasted on every RTO.
A8: Minimum COD orders before judging an area | B8: 20 | C8: Below this, the rate is too noisy to act on.
A9: COD RTO rate that triggers action | B9: 0.3 | C9: Set this above your store average.
A11: Cost of one COD RTO (₹) | B11: =B4+B5+B6+B7 -> 410 | C11: Forward + packaging + return + wasted ad cost. Excludes damaged stock.

Sheet Orders
A1: Order ID | B1: Order date | C1: Pin code | D1: State | E1: Payment method | F1: Final status | G1: Order value (₹) | I1: Paste from row 2. Payment method: COD or Prepaid. Final status: Delivered or RTO.

Sheet By State
A1: RTO by state
A2: Calculated from the Orders tab. Do not edit except column A on By Pin Code.
A4: State | B4: COD shipped | C4: COD RTO | D4: COD RTO rate | E4: Prepaid shipped | F4: Prepaid RTO | G4: Prepaid RTO rate | H4: Cost of COD RTO (₹) | I4: Cost rank | J4: Action
A5: Andhra Pradesh | B5: =COUNTIFS(Orders!$D$2:$D$20001,$A5,Orders!$E$2:$E$20001,"COD",Orders!$F$2:$F$20001,"Delivered")+COUNTIFS(Orders!$D$2:$D$20001,$A5,Orders!$E$2:$E$20001,"COD",Orders!$F$2:$F$20001,"RTO") -> 0 | C5: =COUNTIFS(Orders!$D$2:$D$20001,$A5,Orders!$E$2:$E$20001,"COD",Orders!$F$2:$F$20001,"RTO") -> 0 | D5: =IFERROR(C5/B5,0) -> 0 | E5: =COUNTIFS(Orders!$D$2:$D$20001,$A5,Orders!$E$2:$E$20001,"Prepaid",Orders!$F$2:$F$20001,"Delivered")+COUNTIFS(Orders!$D$2:$D$20001,$A5,Orders!$E$2:$E$20001,"Prepaid",Orders!$F$2:$F$20001,"RTO") -> 0 | F5: =COUNTIFS(Orders!$D$2:$D$20001,$A5,Orders!$E$2:$E$20001,"Prepaid",Orders!$F$2:$F$20001,"RTO") -> 0 | G5: =IFERROR(F5/E5,0) -> 0 | H5: =C5*Settings!$B$11 -> 0 | I5: =IF(N(H5)=0,"",RANK(H5,$H$5:$H$40)) | J5: =IF(B5=0,"No COD orders",IF(B5<Settings!$B$8,"Too few orders",IF(D5>=Settings!$B$9,"Restrict COD or verify","Keep COD"))) -> No COD orders
A6: Arunachal Pradesh | B6: =COUNTIFS(Orders!$D$2:$D$20001,$A6,Orders!$E$2:$E$20001,"COD",Orders!$F$2:$F$20001,"Delivered")+COUNTIFS(Orders!$D$2:$D$20001,$A6,Orders!$E$2:$E$20001,"COD",Orders!$F$2:$F$20001,"RTO") -> 0 | C6: =COUNTIFS(Orders!$D$2:$D$20001,$A6,Orders!$E$2:$E$20001,"COD",Orders!$F$2:$F$20001,"RTO") -> 0 | D6: =IFERROR(C6/B6,0) -> 0 | E6: =COUNTIFS(Orders!$D$2:$D$20001,$A6,Orders!$E$2:$E$20001,"Prepaid",Orders!$F$2:$F$20001,"Delivered")+COUNTIFS(Orders!$D$2:$D$20001,$A6,Orders!$E$2:$E$20001,"Prepaid",Orders!$F$2:$F$20001,"RTO") -> 0 | F6: =COUNTIFS(Orders!$D$2:$D$20001,$A6,Orders!$E$2:$E$20001,"Prepaid",Orders!$F$2:$F$20001,"RTO") -> 0 | G6: =IFERROR(F6/E6,0) -> 0 | H6: =C6*Settings!$B$11 -> 0 | I6: =IF(N(H6)=0,"",RANK(H6,$H$5:$H$40)) | J6: =IF(B6=0,"No COD orders",IF(B6<Settings!$B$8,"Too few orders",IF(D6>=Settings!$B$9,"Restrict COD or verify","Keep COD"))) -> No COD orders
A7: Assam | B7: =COUNTIFS(Orders!$D$2:$D$20001,$A7,Orders!$E$2:$E$20001,"COD",Orders!$F$2:$F$20001,"Delivered")+COUNTIFS(Orders!$D$2:$D$20001,$A7,Orders!$E$2:$E$20001,"COD",Orders!$F$2:$F$20001,"RTO") -> 0 | C7: =COUNTIFS(Orders!$D$2:$D$20001,$A7,Orders!$E$2:$E$20001,"COD",Orders!$F$2:$F$20001,"RTO") -> 0 | D7: =IFERROR(C7/B7,0) -> 0 | E7: =COUNTIFS(Orders!$D$2:$D$20001,$A7,Orders!$E$2:$E$20001,"Prepaid",Orders!$F$2:$F$20001,"Delivered")+COUNTIFS(Orders!$D$2:$D$20001,$A7,Orders!$E$2:$E$20001,"Prepaid",Orders!$F$2:$F$20001,"RTO") -> 0 | F7: =COUNTIFS(Orders!$D$2:$D$20001,$A7,Orders!$E$2:$E$20001,"Prepaid",Orders!$F$2:$F$20001,"RTO") -> 0 | G7: =IFERROR(F7/E7,0) -> 0 | H7: =C7*Settings!$B$11 -> 0 | I7: =IF(N(H7)=0,"",RANK(H7,$H$5:$H$40)) | J7: =IF(B7=0,"No COD orders",IF(B7<Settings!$B$8,"Too few orders",IF(D7>=Settings!$B$9,"Restrict COD or verify","Keep COD"))) -> No COD orders
A8: Bihar | B8: =COUNTIFS(Orders!$D$2:$D$20001,$A8,Orders!$E$2:$E$20001,"COD",Orders!$F$2:$F$20001,"Delivered")+COUNTIFS(Orders!$D$2:$D$20001,$A8,Orders!$E$2:$E$20001,"COD",Orders!$F$2:$F$20001,"RTO") -> 0 | C8: =COUNTIFS(Orders!$D$2:$D$20001,$A8,Orders!$E$2:$E$20001,"COD",Orders!$F$2:$F$20001,"RTO") -> 0 | D8: =IFERROR(C8/B8,0) -> 0 | E8: =COUNTIFS(Orders!$D$2:$D$20001,$A8,Orders!$E$2:$E$20001,"Prepaid",Orders!$F$2:$F$20001,"Delivered")+COUNTIFS(Orders!$D$2:$D$20001,$A8,Orders!$E$2:$E$20001,"Prepaid",Orders!$F$2:$F$20001,"RTO") -> 0 | F8: =COUNTIFS(Orders!$D$2:$D$20001,$A8,Orders!$E$2:$E$20001,"Prepaid",Orders!$F$2:$F$20001,"RTO") -> 0 | G8: =IFERROR(F8/E8,0) -> 0 | H8: =C8*Settings!$B$11 -> 0 | I8: =IF(N(H8)=0,"",RANK(H8,$H$5:$H$40)) | J8: =IF(B8=0,"No COD orders",IF(B8<Settings!$B$8,"Too few orders",IF(D8>=Settings!$B$9,"Restrict COD or verify","Keep COD"))) -> No COD orders
A9: Chhattisgarh | B9: =COUNTIFS(Orders!$D$2:$D$20001,$A9,Orders!$E$2:$E$20001,"COD",Orders!$F$2:$F$20001,"Delivered")+COUNTIFS(Orders!$D$2:$D$20001,$A9,Orders!$E$2:$E$20001,"COD",Orders!$F$2:$F$20001,"RTO") -> 0 | C9: =COUNTIFS(Orders!$D$2:$D$20001,$A9,Orders!$E$2:$E$20001,"COD",Orders!$F$2:$F$20001,"RTO") -> 0 | D9: =IFERROR(C9/B9,0) -> 0 | E9: =COUNTIFS(Orders!$D$2:$D$20001,$A9,Orders!$E$2:$E$20001,"Prepaid",Orders!$F$2:$F$20001,"Delivered")+COUNTIFS(Orders!$D$2:$D$20001,$A9,Orders!$E$2:$E$20001,"Prepaid",Orders!$F$2:$F$20001,"RTO") -> 0 | F9: =COUNTIFS(Orders!$D$2:$D$20001,$A9,Orders!$E$2:$E$20001,"Prepaid",Orders!$F$2:$F$20001,"RTO") -> 0 | G9: =IFERROR(F9/E9,0) -> 0 | H9: =C9*Settings!$B$11 -> 0 | I9: =IF(N(H9)=0,"",RANK(H9,$H$5:$H$40)) | J9: =IF(B9=0,"No COD orders",IF(B9<Settings!$B$8,"Too few orders",IF(D9>=Settings!$B$9,"Restrict COD or verify","Keep COD"))) -> No COD orders
A10: Goa | B10: =COUNTIFS(Orders!$D$2:$D$20001,$A10,Orders!$E$2:$E$20001,"COD",Orders!$F$2:$F$20001,"Delivered")+COUNTIFS(Orders!$D$2:$D$20001,$A10,Orders!$E$2:$E$20001,"COD",Orders!$F$2:$F$20001,"RTO") -> 0 | C10: =COUNTIFS(Orders!$D$2:$D$20001,$A10,Orders!$E$2:$E$20001,"COD",Orders!$F$2:$F$20001,"RTO") -> 0 | D10: =IFERROR(C10/B10,0) -> 0 | E10: =COUNTIFS(Orders!$D$2:$D$20001,$A10,Orders!$E$2:$E$20001,"Prepaid",Orders!$F$2:$F$20001,"Delivered")+COUNTIFS(Orders!$D$2:$D$20001,$A10,Orders!$E$2:$E$20001,"Prepaid",Orders!$F$2:$F$20001,"RTO") -> 0 | F10: =COUNTIFS(Orders!$D$2:$D$20001,$A10,Orders!$E$2:$E$20001,"Prepaid",Orders!$F$2:$F$20001,"RTO") -> 0 | G10: =IFERROR(F10/E10,0) -> 0 | H10: =C10*Settings!$B$11 -> 0 | I10: =IF(N(H10)=0,"",RANK(H10,$H$5:$H$40)) | J10: =IF(B10=0,"No COD orders",IF(B10<Settings!$B$8,"Too few orders",IF(D10>=Settings!$B$9,"Restrict COD or verify","Keep COD"))) -> No COD orders
A11: Gujarat | B11: =COUNTIFS(Orders!$D$2:$D$20001,$A11,Orders!$E$2:$E$20001,"COD",Orders!$F$2:$F$20001,"Delivered")+COUNTIFS(Orders!$D$2:$D$20001,$A11,Orders!$E$2:$E$20001,"COD",Orders!$F$2:$F$20001,"RTO") -> 0 | C11: =COUNTIFS(Orders!$D$2:$D$20001,$A11,Orders!$E$2:$E$20001,"COD",Orders!$F$2:$F$20001,"RTO") -> 0 | D11: =IFERROR(C11/B11,0) -> 0 | E11: =COUNTIFS(Orders!$D$2:$D$20001,$A11,Orders!$E$2:$E$20001,"Prepaid",Orders!$F$2:$F$20001,"Delivered")+COUNTIFS(Orders!$D$2:$D$20001,$A11,Orders!$E$2:$E$20001,"Prepaid",Orders!$F$2:$F$20001,"RTO") -> 0 | F11: =COUNTIFS(Orders!$D$2:$D$20001,$A11,Orders!$E$2:$E$20001,"Prepaid",Orders!$F$2:$F$20001,"RTO") -> 0 | G11: =IFERROR(F11/E11,0) -> 0 | H11: =C11*Settings!$B$11 -> 0 | I11: =IF(N(H11)=0,"",RANK(H11,$H$5:$H$40)) | J11: =IF(B11=0,"No COD orders",IF(B11<Settings!$B$8,"Too few orders",IF(D11>=Settings!$B$9,"Restrict COD or verify","Keep COD"))) -> No COD orders
A12: Haryana | B12: =COUNTIFS(Orders!$D$2:$D$20001,$A12,Orders!$E$2:$E$20001,"COD",Orders!$F$2:$F$20001,"Delivered")+COUNTIFS(Orders!$D$2:$D$20001,$A12,Orders!$E$2:$E$20001,"COD",Orders!$F$2:$F$20001,"RTO") -> 0 | C12: =COUNTIFS(Orders!$D$2:$D$20001,$A12,Orders!$E$2:$E$20001,"COD",Orders!$F$2:$F$20001,"RTO") -> 0 | D12: =IFERROR(C12/B12,0) -> 0 | E12: =COUNTIFS(Orders!$D$2:$D$20001,$A12,Orders!$E$2:$E$20001,"Prepaid",Orders!$F$2:$F$20001,"Delivered")+COUNTIFS(Orders!$D$2:$D$20001,$A12,Orders!$E$2:$E$20001,"Prepaid",Orders!$F$2:$F$20001,"RTO") -> 0 | F12: =COUNTIFS(Orders!$D$2:$D$20001,$A12,Orders!$E$2:$E$20001,"Prepaid",Orders!$F$2:$F$20001,"RTO") -> 0 | G12: =IFERROR(F12/E12,0) -> 0 | H12: =C12*Settings!$B$11 -> 0 | I12: =IF(N(H12)=0,"",RANK(H12,$H$5:$H$40)) | J12: =IF(B12=0,"No COD orders",IF(B12<Settings!$B$8,"Too few orders",IF(D12>=Settings!$B$9,"Restrict COD or verify","Keep COD"))) -> No COD orders
A13: Himachal Pradesh | B13: =COUNTIFS(Orders!$D$2:$D$20001,$A13,Orders!$E$2:$E$20001,"COD",Orders!$F$2:$F$20001,"Delivered")+COUNTIFS(Orders!$D$2:$D$20001,$A13,Orders!$E$2:$E$20001,"COD",Orders!$F$2:$F$20001,"RTO") -> 0 | C13: =COUNTIFS(Orders!$D$2:$D$20001,$A13,Orders!$E$2:$E$20001,"COD",Orders!$F$2:$F$20001,"RTO") -> 0 | D13: =IFERROR(C13/B13,0) -> 0 | E13: =COUNTIFS(Orders!$D$2:$D$20001,$A13,Orders!$E$2:$E$20001,"Prepaid",Orders!$F$2:$F$20001,"Delivered")+COUNTIFS(Orders!$D$2:$D$20001,$A13,Orders!$E$2:$E$20001,"Prepaid",Orders!$F$2:$F$20001,"RTO") -> 0 | F13: =COUNTIFS(Orders!$D$2:$D$20001,$A13,Orders!$E$2:$E$20001,"Prepaid",Orders!$F$2:$F$20001,"RTO") -> 0 | G13: =IFERROR(F13/E13,0) -> 0 | H13: =C13*Settings!$B$11 -> 0 | I13: =IF(N(H13)=0,"",RANK(H13,$H$5:$H$40)) | J13: =IF(B13=0,"No COD orders",IF(B13<Settings!$B$8,"Too few orders",IF(D13>=Settings!$B$9,"Restrict COD or verify","Keep COD"))) -> No COD orders
A14: Jharkhand | B14: =COUNTIFS(Orders!$D$2:$D$20001,$A14,Orders!$E$2:$E$20001,"COD",Orders!$F$2:$F$20001,"Delivered")+COUNTIFS(Orders!$D$2:$D$20001,$A14,Orders!$E$2:$E$20001,"COD",Orders!$F$2:$F$20001,"RTO") -> 0 | C14: =COUNTIFS(Orders!$D$2:$D$20001,$A14,Orders!$E$2:$E$20001,"COD",Orders!$F$2:$F$20001,"RTO") -> 0 | D14: =IFERROR(C14/B14,0) -> 0 | E14: =COUNTIFS(Orders!$D$2:$D$20001,$A14,Orders!$E$2:$E$20001,"Prepaid",Orders!$F$2:$F$20001,"Delivered")+COUNTIFS(Orders!$D$2:$D$20001,$A14,Orders!$E$2:$E$20001,"Prepaid",Orders!$F$2:$F$20001,"RTO") -> 0 | F14: =COUNTIFS(Orders!$D$2:$D$20001,$A14,Orders!$E$2:$E$20001,"Prepaid",Orders!$F$2:$F$20001,"RTO") -> 0 | G14: =IFERROR(F14/E14,0) -> 0 | H14: =C14*Settings!$B$11 -> 0 | I14: =IF(N(H14)=0,"",RANK(H14,$H$5:$H$40)) | J14: =IF(B14=0,"No COD orders",IF(B14<Settings!$B$8,"Too few orders",IF(D14>=Settings!$B$9,"Restrict COD or verify","Keep COD"))) -> No COD orders
A15: Karnataka | B15: =COUNTIFS(Orders!$D$2:$D$20001,$A15,Orders!$E$2:$E$20001,"COD",Orders!$F$2:$F$20001,"Delivered")+COUNTIFS(Orders!$D$2:$D$20001,$A15,Orders!$E$2:$E$20001,"COD",Orders!$F$2:$F$20001,"RTO") -> 0 | C15: =COUNTIFS(Orders!$D$2:$D$20001,$A15,Orders!$E$2:$E$20001,"COD",Orders!$F$2:$F$20001,"RTO") -> 0 | D15: =IFERROR(C15/B15,0) -> 0 | E15: =COUNTIFS(Orders!$D$2:$D$20001,$A15,Orders!$E$2:$E$20001,"Prepaid",Orders!$F$2:$F$20001,"Delivered")+COUNTIFS(Orders!$D$2:$D$20001,$A15,Orders!$E$2:$E$20001,"Prepaid",Orders!$F$2:$F$20001,"RTO") -> 0 | F15: =COUNTIFS(Orders!$D$2:$D$20001,$A15,Orders!$E$2:$E$20001,"Prepaid",Orders!$F$2:$F$20001,"RTO") -> 0 | G15: =IFERROR(F15/E15,0) -> 0 | H15: =C15*Settings!$B$11 -> 0 | I15: =IF(N(H15)=0,"",RANK(H15,$H$5:$H$40)) | J15: =IF(B15=0,"No COD orders",IF(B15<Settings!$B$8,"Too few orders",IF(D15>=Settings!$B$9,"Restrict COD or verify","Keep COD"))) -> No COD orders
A16: Kerala | B16: =COUNTIFS(Orders!$D$2:$D$20001,$A16,Orders!$E$2:$E$20001,"COD",Orders!$F$2:$F$20001,"Delivered")+COUNTIFS(Orders!$D$2:$D$20001,$A16,Orders!$E$2:$E$20001,"COD",Orders!$F$2:$F$20001,"RTO") -> 0 | C16: =COUNTIFS(Orders!$D$2:$D$20001,$A16,Orders!$E$2:$E$20001,"COD",Orders!$F$2:$F$20001,"RTO") -> 0 | D16: =IFERROR(C16/B16,0) -> 0 | E16: =COUNTIFS(Orders!$D$2:$D$20001,$A16,Orders!$E$2:$E$20001,"Prepaid",Orders!$F$2:$F$20001,"Delivered")+COUNTIFS(Orders!$D$2:$D$20001,$A16,Orders!$E$2:$E$20001,"Prepaid",Orders!$F$2:$F$20001,"RTO") -> 0 | F16: =COUNTIFS(Orders!$D$2:$D$20001,$A16,Orders!$E$2:$E$20001,"Prepaid",Orders!$F$2:$F$20001,"RTO") -> 0 | G16: =IFERROR(F16/E16,0) -> 0 | H16: =C16*Settings!$B$11 -> 0 | I16: =IF(N(H16)=0,"",RANK(H16,$H$5:$H$40)) | J16: =IF(B16=0,"No COD orders",IF(B16<Settings!$B$8,"Too few orders",IF(D16>=Settings!$B$9,"Restrict COD or verify","Keep COD"))) -> No COD orders
... A40: Puducherry | B40: =COUNTIFS(Orders!$D$2:$D$20001,$A40,Orders!$E$2:$E$20001,"COD",Orders!$F$2:$F$20001,"Delivered")+COUNTIFS(Orders!$D$2:$D$20001,$A40,Orders!$E$2:$E$20001,"COD",Orders!$F$2:$F$20001,"RTO") -> 0 | C40: =COUNTIFS(Orders!$D$2:$D$20001,$A40,Orders!$E$2:$E$20001,"COD",Orders!$F$2:$F$20001,"RTO") -> 0 | D40: =IFERROR(C40/B40,0) -> 0 | E40: =COUNTIFS(Orders!$D$2:$D$20001,$A40,Orders!$E$2:$E$20001,"Prepaid",Orders!$F$2:$F$20001,"Delivered")+COUNTIFS(Orders!$D$2:$D$20001,$A40,Orders!$E$2:$E$20001,"Prepaid",Orders!$F$2:$F$20001,"RTO") -> 0 | F40: =COUNTIFS(Orders!$D$2:$D$20001,$A40,Orders!$E$2:$E$20001,"Prepaid",Orders!$F$2:$F$20001,"RTO") -> 0 | G40: =IFERROR(F40/E40,0) -> 0 | H40: =C40*Settings!$B$11 -> 0 | I40: =IF(N(H40)=0,"",RANK(H40,$H$5:$H$40)) | J40: =IF(B40=0,"No COD orders",IF(B40<Settings!$B$8,"Too few orders",IF(D40>=Settings!$B$9,"Restrict COD or verify","Keep COD"))) -> No COD orders
A41: All | B41: =SUM(B5:B40) -> 0 | C41: =SUM(C5:C40) -> 0 | D41: =IFERROR(C41/B41,0) -> 0 | E41: =SUM(E5:E40) -> 0 | F41: =SUM(F5:F40) -> 0 | G41: =IFERROR(F41/E41,0) -> 0 | H41: =SUM(H5:H40) -> 0

Sheet By Pin Code
A1: RTO by pin code
A2: Calculated from the Orders tab. Do not edit except column A on By Pin Code.
A3: Paste your unique pin codes into the yellow column A from row 5. Use the filter on 'Cost rank' to sort.
A4: Pin code (paste unique list) | B4: COD shipped | C4: COD RTO | D4: COD RTO rate | E4: Prepaid shipped | F4: Prepaid RTO | G4: Prepaid RTO rate | H4: Cost of COD RTO (₹) | I4: Cost rank | J4: Action
B5: =IF($A5="","",COUNTIFS(Orders!$C$2:$C$20001,$A5,Orders!$E$2:$E$20001,"COD",Orders!$F$2:$F$20001,"Delivered")+COUNTIFS(Orders!$C$2:$C$20001,$A5,Orders!$E$2:$E$20001,"COD",Orders!$F$2:$F$20001,"RTO")) | C5: =IF($A5="","",COUNTIFS(Orders!$C$2:$C$20001,$A5,Orders!$E$2:$E$20001,"COD",Orders!$F$2:$F$20001,"RTO")) | D5: =IF($A5="","",IFERROR(C5/B5,0)) | E5: =IF($A5="","",COUNTIFS(Orders!$C$2:$C$20001,$A5,Orders!$E$2:$E$20001,"Prepaid",Orders!$F$2:$F$20001,"Delivered")+COUNTIFS(Orders!$C$2:$C$20001,$A5,Orders!$E$2:$E$20001,"Prepaid",Orders!$F$2:$F$20001,"RTO")) | F5: =IF($A5="","",COUNTIFS(Orders!$C$2:$C$20001,$A5,Orders!$E$2:$E$20001,"Prepaid",Orders!$F$2:$F$20001,"RTO")) | G5: =IF($A5="","",IFERROR(F5/E5,0)) | H5: =IF($A5="","",C5*Settings!$B$11) | I5: =IF($A5="","",IF(N(H5)=0,"",RANK(H5,$H$5:$H$2004))) | J5: =IF($A5="","",IF(B5=0,"No COD orders",IF(B5<Settings!$B$8,"Too few orders",IF(D5>=Settings!$B$9,"Restrict COD or verify","Keep COD"))))
B6: =IF($A6="","",COUNTIFS(Orders!$C$2:$C$20001,$A6,Orders!$E$2:$E$20001,"COD",Orders!$F$2:$F$20001,"Delivered")+COUNTIFS(Orders!$C$2:$C$20001,$A6,Orders!$E$2:$E$20001,"COD",Orders!$F$2:$F$20001,"RTO")) | C6: =IF($A6="","",COUNTIFS(Orders!$C$2:$C$20001,$A6,Orders!$E$2:$E$20001,"COD",Orders!$F$2:$F$20001,"RTO")) | D6: =IF($A6="","",IFERROR(C6/B6,0)) | E6: =IF($A6="","",COUNTIFS(Orders!$C$2:$C$20001,$A6,Orders!$E$2:$E$20001,"Prepaid",Orders!$F$2:$F$20001,"Delivered")+COUNTIFS(Orders!$C$2:$C$20001,$A6,Orders!$E$2:$E$20001,"Prepaid",Orders!$F$2:$F$20001,"RTO")) | F6: =IF($A6="","",COUNTIFS(Orders!$C$2:$C$20001,$A6,Orders!$E$2:$E$20001,"Prepaid",Orders!$F$2:$F$20001,"RTO")) | G6: =IF($A6="","",IFERROR(F6/E6,0)) | H6: =IF($A6="","",C6*Settings!$B$11) | I6: =IF($A6="","",IF(N(H6)=0,"",RANK(H6,$H$5:$H$2004))) | J6: =IF($A6="","",IF(B6=0,"No COD orders",IF(B6<Settings!$B$8,"Too few orders",IF(D6>=Settings!$B$9,"Restrict COD or verify","Keep COD"))))
B7: =IF($A7="","",COUNTIFS(Orders!$C$2:$C$20001,$A7,Orders!$E$2:$E$20001,"COD",Orders!$F$2:$F$20001,"Delivered")+COUNTIFS(Orders!$C$2:$C$20001,$A7,Orders!$E$2:$E$20001,"COD",Orders!$F$2:$F$20001,"RTO")) | C7: =IF($A7="","",COUNTIFS(Orders!$C$2:$C$20001,$A7,Orders!$E$2:$E$20001,"COD",Orders!$F$2:$F$20001,"RTO")) | D7: =IF($A7="","",IFERROR(C7/B7,0)) | E7: =IF($A7="","",COUNTIFS(Orders!$C$2:$C$20001,$A7,Orders!$E$2:$E$20001,"Prepaid",Orders!$F$2:$F$20001,"Delivered")+COUNTIFS(Orders!$C$2:$C$20001,$A7,Orders!$E$2:$E$20001,"Prepaid",Orders!$F$2:$F$20001,"RTO")) | F7: =IF($A7="","",COUNTIFS(Orders!$C$2:$C$20001,$A7,Orders!$E$2:$E$20001,"Prepaid",Orders!$F$2:$F$20001,"RTO")) | G7: =IF($A7="","",IFERROR(F7/E7,0)) | H7: =IF($A7="","",C7*Settings!$B$11) | I7: =IF($A7="","",IF(N(H7)=0,"",RANK(H7,$H$5:$H$2004))) | J7: =IF($A7="","",IF(B7=0,"No COD orders",IF(B7<Settings!$B$8,"Too few orders",IF(D7>=Settings!$B$9,"Restrict COD or verify","Keep COD"))))
B8: =IF($A8="","",COUNTIFS(Orders!$C$2:$C$20001,$A8,Orders!$E$2:$E$20001,"COD",Orders!$F$2:$F$20001,"Delivered")+COUNTIFS(Orders!$C$2:$C$20001,$A8,Orders!$E$2:$E$20001,"COD",Orders!$F$2:$F$20001,"RTO")) | C8: =IF($A8="","",COUNTIFS(Orders!$C$2:$C$20001,$A8,Orders!$E$2:$E$20001,"COD",Orders!$F$2:$F$20001,"RTO")) | D8: =IF($A8="","",IFERROR(C8/B8,0)) | E8: =IF($A8="","",COUNTIFS(Orders!$C$2:$C$20001,$A8,Orders!$E$2:$E$20001,"Prepaid",Orders!$F$2:$F$20001,"Delivered")+COUNTIFS(Orders!$C$2:$C$20001,$A8,Orders!$E$2:$E$20001,"Prepaid",Orders!$F$2:$F$20001,"RTO")) | F8: =IF($A8="","",COUNTIFS(Orders!$C$2:$C$20001,$A8,Orders!$E$2:$E$20001,"Prepaid",Orders!$F$2:$F$20001,"RTO")) | G8: =IF($A8="","",IFERROR(F8/E8,0)) | H8: =IF($A8="","",C8*Settings!$B$11) | I8: =IF($A8="","",IF(N(H8)=0,"",RANK(H8,$H$5:$H$2004))) | J8: =IF($A8="","",IF(B8=0,"No COD orders",IF(B8<Settings!$B$8,"Too few orders",IF(D8>=Settings!$B$9,"Restrict COD or verify","Keep COD"))))
B9: =IF($A9="","",COUNTIFS(Orders!$C$2:$C$20001,$A9,Orders!$E$2:$E$20001,"COD",Orders!$F$2:$F$20001,"Delivered")+COUNTIFS(Orders!$C$2:$C$20001,$A9,Orders!$E$2:$E$20001,"COD",Orders!$F$2:$F$20001,"RTO")) | C9: =IF($A9="","",COUNTIFS(Orders!$C$2:$C$20001,$A9,Orders!$E$2:$E$20001,"COD",Orders!$F$2:$F$20001,"RTO")) | D9: =IF($A9="","",IFERROR(C9/B9,0)) | E9: =IF($A9="","",COUNTIFS(Orders!$C$2:$C$20001,$A9,Orders!$E$2:$E$20001,"Prepaid",Orders!$F$2:$F$20001,"Delivered")+COUNTIFS(Orders!$C$2:$C$20001,$A9,Orders!$E$2:$E$20001,"Prepaid",Orders!$F$2:$F$20001,"RTO")) | F9: =IF($A9="","",COUNTIFS(Orders!$C$2:$C$20001,$A9,Orders!$E$2:$E$20001,"Prepaid",Orders!$F$2:$F$20001,"RTO")) | G9: =IF($A9="","",IFERROR(F9/E9,0)) | H9: =IF($A9="","",C9*Settings!$B$11) | I9: =IF($A9="","",IF(N(H9)=0,"",RANK(H9,$H$5:$H$2004))) | J9: =IF($A9="","",IF(B9=0,"No COD orders",IF(B9<Settings!$B$8,"Too few orders",IF(D9>=Settings!$B$9,"Restrict COD or verify","Keep COD"))))
B10: =IF($A10="","",COUNTIFS(Orders!$C$2:$C$20001,$A10,Orders!$E$2:$E$20001,"COD",Orders!$F$2:$F$20001,"Delivered")+COUNTIFS(Orders!$C$2:$C$20001,$A10,Orders!$E$2:$E$20001,"COD",Orders!$F$2:$F$20001,"RTO")) | C10: =IF($A10="","",COUNTIFS(Orders!$C$2:$C$20001,$A10,Orders!$E$2:$E$20001,"COD",Orders!$F$2:$F$20001,"RTO")) | D10: =IF($A10="","",IFERROR(C10/B10,0)) | E10: =IF($A10="","",COUNTIFS(Orders!$C$2:$C$20001,$A10,Orders!$E$2:$E$20001,"Prepaid",Orders!$F$2:$F$20001,"Delivered")+COUNTIFS(Orders!$C$2:$C$20001,$A10,Orders!$E$2:$E$20001,"Prepaid",Orders!$F$2:$F$20001,"RTO")) | F10: =IF($A10="","",COUNTIFS(Orders!$C$2:$C$20001,$A10,Orders!$E$2:$E$20001,"Prepaid",Orders!$F$2:$F$20001,"RTO")) | G10: =IF($A10="","",IFERROR(F10/E10,0)) | H10: =IF($A10="","",C10*Settings!$B$11) | I10: =IF($A10="","",IF(N(H10)=0,"",RANK(H10,$H$5:$H$2004))) | J10: =IF($A10="","",IF(B10=0,"No COD orders",IF(B10<Settings!$B$8,"Too few orders",IF(D10>=Settings!$B$9,"Restrict COD or verify","Keep COD"))))
B11: =IF($A11="","",COUNTIFS(Orders!$C$2:$C$20001,$A11,Orders!$E$2:$E$20001,"COD",Orders!$F$2:$F$20001,"Delivered")+COUNTIFS(Orders!$C$2:$C$20001,$A11,Orders!$E$2:$E$20001,"COD",Orders!$F$2:$F$20001,"RTO")) | C11: =IF($A11="","",COUNTIFS(Orders!$C$2:$C$20001,$A11,Orders!$E$2:$E$20001,"COD",Orders!$F$2:$F$20001,"RTO")) | D11: =IF($A11="","",IFERROR(C11/B11,0)) | E11: =IF($A11="","",COUNTIFS(Orders!$C$2:$C$20001,$A11,Orders!$E$2:$E$20001,"Prepaid",Orders!$F$2:$F$20001,"Delivered")+COUNTIFS(Orders!$C$2:$C$20001,$A11,Orders!$E$2:$E$20001,"Prepaid",Orders!$F$2:$F$20001,"RTO")) | F11: =IF($A11="","",COUNTIFS(Orders!$C$2:$C$20001,$A11,Orders!$E$2:$E$20001,"Prepaid",Orders!$F$2:$F$20001,"RTO")) | G11: =IF($A11="","",IFERROR(F11/E11,0)) | H11: =IF($A11="","",C11*Settings!$B$11) | I11: =IF($A11="","",IF(N(H11)=0,"",RANK(H11,$H$5:$H$2004))) | J11: =IF($A11="","",IF(B11=0,"No COD orders",IF(B11<Settings!$B$8,"Too few orders",IF(D11>=Settings!$B$9,"Restrict COD or verify","Keep COD"))))
B12: =IF($A12="","",COUNTIFS(Orders!$C$2:$C$20001,$A12,Orders!$E$2:$E$20001,"COD",Orders!$F$2:$F$20001,"Delivered")+COUNTIFS(Orders!$C$2:$C$20001,$A12,Orders!$E$2:$E$20001,"COD",Orders!$F$2:$F$20001,"RTO")) | C12: =IF($A12="","",COUNTIFS(Orders!$C$2:$C$20001,$A12,Orders!$E$2:$E$20001,"COD",Orders!$F$2:$F$20001,"RTO")) | D12: =IF($A12="","",IFERROR(C12/B12,0)) | E12: =IF($A12="","",COUNTIFS(Orders!$C$2:$C$20001,$A12,Orders!$E$2:$E$20001,"Prepaid",Orders!$F$2:$F$20001,"Delivered")+COUNTIFS(Orders!$C$2:$C$20001,$A12,Orders!$E$2:$E$20001,"Prepaid",Orders!$F$2:$F$20001,"RTO")) | F12: =IF($A12="","",COUNTIFS(Orders!$C$2:$C$20001,$A12,Orders!$E$2:$E$20001,"Prepaid",Orders!$F$2:$F$20001,"RTO")) | G12: =IF($A12="","",IFERROR(F12/E12,0)) | H12: =IF($A12="","",C12*Settings!$B$11) | I12: =IF($A12="","",IF(N(H12)=0,"",RANK(H12,$H$5:$H$2004))) | J12: =IF($A12="","",IF(B12=0,"No COD orders",IF(B12<Settings!$B$8,"Too few orders",IF(D12>=Settings!$B$9,"Restrict COD or verify","Keep COD"))))
B13: =IF($A13="","",COUNTIFS(Orders!$C$2:$C$20001,$A13,Orders!$E$2:$E$20001,"COD",Orders!$F$2:$F$20001,"Delivered")+COUNTIFS(Orders!$C$2:$C$20001,$A13,Orders!$E$2:$E$20001,"COD",Orders!$F$2:$F$20001,"RTO")) | C13: =IF($A13="","",COUNTIFS(Orders!$C$2:$C$20001,$A13,Orders!$E$2:$E$20001,"COD",Orders!$F$2:$F$20001,"RTO")) | D13: =IF($A13="","",IFERROR(C13/B13,0)) | E13: =IF($A13="","",COUNTIFS(Orders!$C$2:$C$20001,$A13,Orders!$E$2:$E$20001,"Prepaid",Orders!$F$2:$F$20001,"Delivered")+COUNTIFS(Orders!$C$2:$C$20001,$A13,Orders!$E$2:$E$20001,"Prepaid",Orders!$F$2:$F$20001,"RTO")) | F13: =IF($A13="","",COUNTIFS(Orders!$C$2:$C$20001,$A13,Orders!$E$2:$E$20001,"Prepaid",Orders!$F$2:$F$20001,"RTO")) | G13: =IF($A13="","",IFERROR(F13/E13,0)) | H13: =IF($A13="","",C13*Settings!$B$11) | I13: =IF($A13="","",IF(N(H13)=0,"",RANK(H13,$H$5:$H$2004))) | J13: =IF($A13="","",IF(B13=0,"No COD orders",IF(B13<Settings!$B$8,"Too few orders",IF(D13>=Settings!$B$9,"Restrict COD or verify","Keep COD"))))
B14: =IF($A14="","",COUNTIFS(Orders!$C$2:$C$20001,$A14,Orders!$E$2:$E$20001,"COD",Orders!$F$2:$F$20001,"Delivered")+COUNTIFS(Orders!$C$2:$C$20001,$A14,Orders!$E$2:$E$20001,"COD",Orders!$F$2:$F$20001,"RTO")) | C14: =IF($A14="","",COUNTIFS(Orders!$C$2:$C$20001,$A14,Orders!$E$2:$E$20001,"COD",Orders!$F$2:$F$20001,"RTO")) | D14: =IF($A14="","",IFERROR(C14/B14,0)) | E14: =IF($A14="","",COUNTIFS(Orders!$C$2:$C$20001,$A14,Orders!$E$2:$E$20001,"Prepaid",Orders!$F$2:$F$20001,"Delivered")+COUNTIFS(Orders!$C$2:$C$20001,$A14,Orders!$E$2:$E$20001,"Prepaid",Orders!$F$2:$F$20001,"RTO")) | F14: =IF($A14="","",COUNTIFS(Orders!$C$2:$C$20001,$A14,Orders!$E$2:$E$20001,"Prepaid",Orders!$F$2:$F$20001,"RTO")) | G14: =IF($A14="","",IFERROR(F14/E14,0)) | H14: =IF($A14="","",C14*Settings!$B$11) | I14: =IF($A14="","",IF(N(H14)=0,"",RANK(H14,$H$5:$H$2004))) | J14: =IF($A14="","",IF(B14=0,"No COD orders",IF(B14<Settings!$B$8,"Too few orders",IF(D14>=Settings!$B$9,"Restrict COD or verify","Keep COD"))))
B15: =IF($A15="","",COUNTIFS(Orders!$C$2:$C$20001,$A15,Orders!$E$2:$E$20001,"COD",Orders!$F$2:$F$20001,"Delivered")+COUNTIFS(Orders!$C$2:$C$20001,$A15,Orders!$E$2:$E$20001,"COD",Orders!$F$2:$F$20001,"RTO")) | C15: =IF($A15="","",COUNTIFS(Orders!$C$2:$C$20001,$A15,Orders!$E$2:$E$20001,"COD",Orders!$F$2:$F$20001,"RTO")) | D15: =IF($A15="","",IFERROR(C15/B15,0)) | E15: =IF($A15="","",COUNTIFS(Orders!$C$2:$C$20001,$A15,Orders!$E$2:$E$20001,"Prepaid",Orders!$F$2:$F$20001,"Delivered")+COUNTIFS(Orders!$C$2:$C$20001,$A15,Orders!$E$2:$E$20001,"Prepaid",Orders!$F$2:$F$20001,"RTO")) | F15: =IF($A15="","",COUNTIFS(Orders!$C$2:$C$20001,$A15,Orders!$E$2:$E$20001,"Prepaid",Orders!$F$2:$F$20001,"RTO")) | G15: =IF($A15="","",IFERROR(F15/E15,0)) | H15: =IF($A15="","",C15*Settings!$B$11) | I15: =IF($A15="","",IF(N(H15)=0,"",RANK(H15,$H$5:$H$2004))) | J15: =IF($A15="","",IF(B15=0,"No COD orders",IF(B15<Settings!$B$8,"Too few orders",IF(D15>=Settings!$B$9,"Restrict COD or verify","Keep COD"))))
B16: =IF($A16="","",COUNTIFS(Orders!$C$2:$C$20001,$A16,Orders!$E$2:$E$20001,"COD",Orders!$F$2:$F$20001,"Delivered")+COUNTIFS(Orders!$C$2:$C$20001,$A16,Orders!$E$2:$E$20001,"COD",Orders!$F$2:$F$20001,"RTO")) | C16: =IF($A16="","",COUNTIFS(Orders!$C$2:$C$20001,$A16,Orders!$E$2:$E$20001,"COD",Orders!$F$2:$F$20001,"RTO")) | D16: =IF($A16="","",IFERROR(C16/B16,0)) | E16: =IF($A16="","",COUNTIFS(Orders!$C$2:$C$20001,$A16,Orders!$E$2:$E$20001,"Prepaid",Orders!$F$2:$F$20001,"Delivered")+COUNTIFS(Orders!$C$2:$C$20001,$A16,Orders!$E$2:$E$20001,"Prepaid",Orders!$F$2:$F$20001,"RTO")) | F16: =IF($A16="","",COUNTIFS(Orders!$C$2:$C$20001,$A16,Orders!$E$2:$E$20001,"Prepaid",Orders!$F$2:$F$20001,"RTO")) | G16: =IF($A16="","",IFERROR(F16/E16,0)) | H16: =IF($A16="","",C16*Settings!$B$11) | I16: =IF($A16="","",IF(N(H16)=0,"",RANK(H16,$H$5:$H$2004))) | J16: =IF($A16="","",IF(B16=0,"No COD orders",IF(B16<Settings!$B$8,"Too few orders",IF(D16>=Settings!$B$9,"Restrict COD or verify","Keep COD"))))
... B2004: =IF($A2004="","",COUNTIFS(Orders!$C$2:$C$20001,$A2004,Orders!$E$2:$E$20001,"COD",Orders!$F$2:$F$20001,"Delivered")+COUNTIFS(Orders!$C$2:$C$20001,$A2004,Orders!$E$2:$E$20001,"COD",Orders!$F$2:$F$20001,"RTO")) | C2004: =IF($A2004="","",COUNTIFS(Orders!$C$2:$C$20001,$A2004,Orders!$E$2:$E$20001,"COD",Orders!$F$2:$F$20001,"RTO")) | D2004: =IF($A2004="","",IFERROR(C2004/B2004,0)) | E2004: =IF($A2004="","",COUNTIFS(Orders!$C$2:$C$20001,$A2004,Orders!$E$2:$E$20001,"Prepaid",Orders!$F$2:$F$20001,"Delivered")+COUNTIFS(Orders!$C$2:$C$20001,$A2004,Orders!$E$2:$E$20001,"Prepaid",Orders!$F$2:$F$20001,"RTO")) | F2004: =IF($A2004="","",COUNTIFS(Orders!$C$2:$C$20001,$A2004,Orders!$E$2:$E$20001,"Prepaid",Orders!$F$2:$F$20001,"RTO")) | G2004: =IF($A2004="","",IFERROR(F2004/E2004,0)) | H2004: =IF($A2004="","",C2004*Settings!$B$11) | I2004: =IF($A2004="","",IF(N(H2004)=0,"",RANK(H2004,$H$5:$H$2004))) | J2004: =IF($A2004="","",IF(B2004=0,"No COD orders",IF(B2004<Settings!$B$8,"Too few orders",IF(D2004>=Settings!$B$9,"Restrict COD or verify","Keep COD"))))
A2005: All | B2005: =SUM(B5:B2004) -> 0 | C2005: =SUM(C5:C2004) -> 0 | D2005: =IFERROR(C2005/B2005,0) -> 0 | E2005: =SUM(E5:E2004) -> 0 | F2005: =SUM(F5:F2004) -> 0 | G2005: =IFERROR(F2005/E2005,0) -> 0 | H2005: =SUM(H5:H2004) -> 0
